{"prefix": {"roocs": "urn:roocs:", "provone": "http://purl.dataone.org/provone/2015/01/15/ontology#", "dct": "http://purl.org/dc/terms/"}, "agent": {"roocs:C3S_CDS": {"prov:type": {"$": "prov:Organization", "type": "prov:QUALIFIED_NAME"}, "prov:label": "Copernicus Climate Data Store", "dct:source": "https://cds.climate.copernicus.eu"}, "roocs:rook_v0.7.0": {"prov:type": {"$": "prov:SoftwareAgent", "type": "prov:QUALIFIED_NAME"}, "prov:label": "Rook", "dct:source": "https://github.com/roocs/rook/releases/tag/v0.7.0"}, "roocs:daops_v0.7.0": {"prov:type": {"$": "prov:SoftwareAgent", "type": "prov:QUALIFIED_NAME"}, "prov:label": "DAOPS", "dct:source": "https://github.com/roocs/daops/releases/tag/v0.7.0"}}, "wasAttributedTo": {"_:id1": {"prov:entity": "roocs:rook_v0.7.0", "prov:agent": "roocs:C3S_CDS"}}, "entity": {"roocs:workflow_dc9a6029-be1c-4201-b59a-b6ac74466a13": {"prov:type": {"$": "provone:Workflow", "type": "prov:QUALIFIED_NAME"}}, "roocs:c3s-cmip6.CMIP.MRI.MRI-ESM2-0.historical.r1i1p1f1.Amon.hfls.gn.v20190222": {"prov:type": {"$": "provone:Data", "type": "prov:QUALIFIED_NAME"}, "prov:label": "c3s-cmip6.CMIP.MRI.MRI-ESM2-0.historical.r1i1p1f1.Amon.hfls.gn.v20190222"}, "roocs:hfls_Amon_MRI-ESM2-0_historical_r1i1p1f1_gn_18500116-20141216.nc": {"prov:type": {"$": "provone:Data", "type": "prov:QUALIFIED_NAME"}, "prov:label": "hfls_Amon_MRI-ESM2-0_historical_r1i1p1f1_gn_18500116-20141216.nc"}}, "activity": {"roocs:orchestrate_dc9a6029-be1c-4201-b59a-b6ac74466a13": {"prov:type": {"$": "provone:Execution", "type": "prov:QUALIFIED_NAME"}, "prov:label": "orchestrate", "prov:startTime": "2021-11-12T20:44:17", "prov:endTime": "2021-11-12T20:44:26"}, "roocs:subset_hfls_1_420f45ac-74ef-4b33-aa21-042967591315": {"prov:type": {"$": "provone:Execution", "type": "prov:QUALIFIED_NAME"}, "prov:label": "subset_hfls_1", "roocs:area": "-65,-5,-50,0", "roocs:apply_fixes": false}}, "wasAssociatedWith": {"_:id2": {"prov:activity": "roocs:orchestrate_dc9a6029-be1c-4201-b59a-b6ac74466a13", "prov:agent": "roocs:rook_v0.7.0", "prov:plan": "roocs:workflow_dc9a6029-be1c-4201-b59a-b6ac74466a13"}, "_:id3": {"prov:activity": "roocs:subset_hfls_1_420f45ac-74ef-4b33-aa21-042967591315", "prov:agent": "roocs:daops_v0.7.0", "prov:plan": "roocs:workflow_dc9a6029-be1c-4201-b59a-b6ac74466a13"}}, "wasDerivedFrom": {"_:id4": {"prov:generatedEntity": "roocs:hfls_Amon_MRI-ESM2-0_historical_r1i1p1f1_gn_18500116-20141216.nc", "prov:usedEntity": "roocs:c3s-cmip6.CMIP.MRI.MRI-ESM2-0.historical.r1i1p1f1.Amon.hfls.gn.v20190222", "prov:activity": "roocs:subset_hfls_1_420f45ac-74ef-4b33-aa21-042967591315"}}}